{"statistic": -0.7706942953177321, "pvalue": 0.4409016793979109}